sdoc,swal,cser,lfra,ebet,zwil,qnar,ST
2,3,1,1,3,1,1,1
1,2,1,1,2,2,2,2
3,3,2,2,2,1,2,3
1,1,3,2,2,1,3,4
2,3,1,3,2,1,1,5
3,2,3,3,1,3,3,6
3,1,1,2,3,3,3,7
1,2,1,3,1,2,3,8
3,3,1,3,3,3,3,9
1,3,1,2,1,2,3,10
1,2,1,2,2,2,2,11
3,2,1,1,3,1,3,12
1,1,1,2,1,1,3,13
3,3,2,1,3,2,1,14
3,1,1,2,2,2,3,15
1,1,1,1,2,1,2,16
2,1,3,2,3,1,3,17
3,2,1,2,2,1,3,18
3,2,3,3,2,1,2,19
2,1,3,2,2,2,3,20
2,1,1,2,3,1,1,21
2,3,1,2,3,1,1,22
2,3,3,3,2,2,2,23
1,1,1,1,2,3,3,24
3,2,3,2,3,2,2,25
1,2,3,1,3,3,2,26
3,1,3,1,1,2,2,27
3,2,2,1,1,1,2,28
2,1,2,1,1,3,2,29
1,1,3,1,2,2,1,30
2,1,1,3,2,1,2,31
3,1,1,1,1,3,2,32
1,3,2,3,1,2,1,33
2,3,1,1,1,3,1,34
3,3,3,1,2,2,3,35
1,1,2,2,3,3,2,36
1,1,3,3,2,1,2,37
1,1,3,2,1,2,2,38
3,2,2,2,1,3,1,39
3,1,3,1,1,3,3,40
2,3,3,2,2,2,3,41
3,3,3,1,3,2,3,42
3,1,2,1,2,3,2,43
2,1,2,1,2,1,3,44
3,3,3,2,3,1,2,45
2,3,3,3,1,1,3,46
1,2,2,1,2,2,1,47
2,2,1,1,3,1,3,48
3,1,1,3,1,2,1,49
2,2,3,1,1,3,3,50
1,2,2,2,1,1,2,51
2,3,3,2,2,1,1,52
1,1,1,1,1,1,3,53
1,1,2,1,3,1,1,54
2,3,1,3,1,2,2,55
1,3,3,3,1,1,3,56
1,2,1,3,2,2,1,57
2,3,1,1,3,3,3,58
2,3,3,3,2,2,3,59
2,3,2,2,3,3,2,60
1,3,2,2,2,1,1,61
1,2,1,1,2,1,1,62
1,1,1,3,1,2,1,63
1,2,3,2,1,3,3,64
2,1,3,2,1,2,1,65
3,2,2,2,3,1,2,66
3,2,2,1,1,2,2,67
3,1,2,3,1,2,2,68
3,1,1,1,3,2,2,69
3,1,1,1,1,2,2,70
1,2,3,1,2,1,3,71
3,1,1,2,2,3,2,72
2,3,3,2,3,1,2,73
2,1,3,3,3,1,1,74
3,1,3,1,2,3,1,75
1,3,1,3,3,2,3,76
1,1,1,3,2,2,2,77
2,3,2,3,3,1,3,78
2,1,3,3,3,3,1,79
2,3,1,3,3,3,3,80
3,2,2,1,2,3,3,81
3,3,3,2,2,1,2,82
2,2,1,1,2,2,1,83
2,2,2,2,1,3,3,84
3,3,2,1,1,2,1,85
1,3,2,1,1,3,1,86
2,1,3,3,2,2,3,87
1,2,2,1,1,1,1,88
1,1,3,1,3,3,2,89
3,3,2,2,2,1,3,90
2,1,1,1,2,2,1,91
3,2,1,3,1,2,2,92
3,3,3,1,2,1,1,93
1,2,3,1,1,3,3,94
1,1,3,3,1,3,3,95
2,1,1,2,2,2,3,96
1,2,1,1,2,1,2,97
3,1,3,3,3,2,2,98
3,3,1,2,2,3,1,99
3,3,2,1,2,1,2,100
1,3,1,3,2,1,2,101
1,2,2,1,3,1,1,102
2,2,3,2,1,3,3,103
2,3,2,2,1,1,3,104
2,2,1,1,1,3,2,105
1,1,2,2,3,1,3,106
1,2,1,3,1,3,2,107
1,1,2,1,1,1,3,108
1,3,2,1,2,2,2,109
3,1,2,2,3,2,1,110
1,3,3,2,3,3,3,111
1,1,2,3,3,3,2,112
3,2,3,2,3,1,2,113
3,1,2,2,2,2,3,114
2,3,3,1,1,3,3,115
3,1,1,2,1,3,3,116
2,1,2,1,1,2,2,117
1,2,2,3,2,3,1,118
1,1,1,3,1,1,2,119
1,1,3,3,3,1,1,120
1,1,3,2,3,2,3,121
3,3,1,2,3,2,3,122
3,3,1,1,3,2,3,123
2,3,1,1,2,2,3,124
3,3,1,3,1,3,3,125
3,3,3,1,1,1,3,126
3,2,1,2,2,3,2,127
2,1,1,3,1,1,3,128
1,3,2,3,2,1,2,129
2,3,2,1,3,1,1,130
1,1,1,2,3,3,2,131
1,2,2,1,3,3,1,132
3,1,3,3,1,2,1,133
2,2,1,2,1,3,1,134
2,2,3,3,1,1,1,135
2,1,3,1,1,2,1,136
3,3,3,1,1,2,1,137
2,2,3,1,1,3,1,138
2,3,1,2,3,3,1,139
2,2,2,2,3,3,1,140
2,2,3,2,1,1,1,141
1,3,2,3,2,2,2,142
3,1,2,1,1,1,2,143
3,1,2,2,2,2,2,144
3,3,1,1,3,2,2,145
1,1,3,3,2,1,1,146
3,1,1,1,1,1,1,147
3,3,2,2,1,2,1,148
3,3,3,2,2,3,3,149
3,3,2,1,1,2,3,150
1,3,1,2,2,3,3,151
2,1,2,3,2,1,2,152
3,2,3,3,3,2,1,153
1,1,2,3,1,1,2,154
2,2,2,3,1,1,2,155
1,2,1,2,2,2,3,156
1,3,1,2,1,2,2,157
3,1,3,3,3,3,1,158
1,2,3,3,2,1,1,159
3,2,3,1,1,2,3,160
1,1,2,1,3,1,3,161
2,3,2,2,1,1,1,162
1,1,2,3,3,1,1,163
3,2,2,1,3,3,2,164
3,2,1,2,2,3,1,165
3,1,2,3,1,1,2,166
2,3,1,1,1,2,3,167
3,1,3,2,1,1,2,168
1,1,2,3,2,3,1,169
3,2,1,1,2,3,1,170
2,2,3,2,3,1,3,171
1,1,1,2,1,3,2,172
2,3,2,3,2,1,1,173
3,3,3,2,3,2,3,174
1,3,1,1,1,1,1,175
1,1,1,1,3,2,1,176
1,2,3,3,2,2,1,177
2,3,3,3,3,1,3,178
3,2,1,1,2,2,1,179
1,2,2,3,2,2,1,180
3,1,1,1,2,2,3,181
3,2,3,3,2,3,3,182
2,3,1,1,1,1,3,183
2,3,2,1,1,2,2,184
2,1,2,2,1,2,3,185
2,3,3,3,3,1,2,186
2,1,2,3,3,1,1,187
3,3,1,3,2,2,3,188
1,3,2,2,2,3,3,189
2,2,3,3,2,2,3,190
1,3,3,1,2,1,3,191
1,2,1,3,3,3,1,192
2,3,3,2,1,3,3,193
2,2,3,1,2,1,1,194
3,2,1,3,1,1,1,195
1,2,3,1,3,2,2,196
2,2,1,1,1,2,1,197
3,2,3,3,3,2,2,198
2,1,1,2,3,3,1,199
2,2,1,3,3,1,1,200
1,3,3,1,1,2,3,201
1,3,1,1,1,3,2,202
1,2,2,3,1,3,3,203
3,3,2,1,2,3,2,204
2,3,1,1,3,2,1,205
3,1,2,1,2,2,3,206
3,2,3,1,2,1,3,207
3,2,1,1,2,2,3,208
2,3,2,3,2,3,2,209
2,3,3,1,2,1,3,210
2,1,1,1,2,3,2,211
1,3,2,2,3,1,2,212
3,2,3,1,2,1,1,213
3,2,1,1,3,3,1,214
3,1,2,2,2,3,1,215
1,2,2,2,1,3,1,216
1,2,1,3,1,2,1,217
1,3,2,1,3,2,2,218
2,3,1,2,2,3,2,219
2,3,2,1,1,1,3,220
2,1,3,3,3,3,3,221
2,2,3,2,2,3,1,222
3,3,3,3,3,2,3,223
1,3,1,3,3,3,2,224
2,1,1,2,1,3,3,225
3,2,2,2,3,1,3,226
3,3,1,3,1,1,3,227
2,2,1,1,2,1,3,228
3,1,3,1,1,2,1,229
1,1,2,2,2,3,2,230
2,3,2,1,3,3,1,231
2,2,2,2,3,3,3,232
3,1,1,3,2,2,1,233
3,3,2,2,3,3,3,234
2,3,1,3,2,2,1,235
2,2,1,2,1,3,3,236
2,2,3,2,2,2,2,237
1,2,1,1,1,2,2,238
2,2,1,3,3,3,3,239
1,3,3,2,3,3,1,240
1,2,1,3,1,3,1,241
2,2,1,1,2,2,3,242
1,1,2,2,1,2,1,243
1,1,1,2,1,3,1,244
1,3,2,3,2,1,3,245
2,1,2,2,1,2,1,246
2,1,1,2,2,3,1,247
1,1,3,3,3,3,1,248
2,1,2,3,3,2,3,249
2,2,2,1,3,2,1,250
1,2,1,3,1,3,3,251
3,1,2,1,1,1,3,252
1,1,3,2,1,1,3,253
1,2,2,1,2,1,2,254
3,3,1,2,3,1,3,255
2,3,2,1,2,2,2,256
1,1,3,1,2,1,1,257
3,2,2,2,1,1,2,258
3,2,2,2,1,1,3,259
2,2,2,3,2,2,2,260
1,1,3,1,3,1,1,261
2,3,3,2,1,1,3,262
2,3,3,1,3,3,3,263
2,1,2,2,2,3,3,264
1,3,2,1,3,3,3,265
2,3,2,3,3,2,2,266
2,1,1,2,1,2,1,267
2,2,3,3,1,2,3,268
1,2,3,2,1,2,2,269
2,2,2,3,1,3,1,270
2,1,3,3,2,1,2,271
2,1,2,2,2,1,1,272
3,3,1,2,1,3,2,273
2,1,1,1,1,2,1,274
2,2,1,2,2,3,3,275
3,3,2,3,1,1,2,276
1,3,2,2,3,1,1,277
2,1,3,3,1,1,1,278
1,2,3,1,1,2,1,279
2,3,3,3,1,1,2,280
1,3,3,1,2,2,1,281
2,3,2,3,1,2,1,282
3,3,1,1,3,3,3,283
3,3,3,2,1,2,2,284
1,2,3,2,2,2,1,285
1,1,2,1,2,3,3,286
1,3,2,3,2,3,2,287
2,3,1,1,3,2,3,288
3,2,3,2,2,1,3,289
1,3,1,1,3,2,3,290
2,1,1,1,2,3,1,291
2,3,3,2,1,2,1,292
3,2,2,2,3,1,1,293
3,1,2,2,2,1,1,294
1,2,3,2,3,1,1,295
2,2,3,1,2,3,2,296
1,3,2,2,1,2,3,297
2,2,1,2,3,2,2,298
1,1,1,2,2,2,2,299
2,2,1,3,3,1,3,300
3,3,1,2,1,2,2,301
3,3,1,1,2,2,1,302
2,1,2,2,3,2,1,303
2,1,2,1,1,1,1,304
2,1,3,1,3,1,1,305
1,3,1,2,3,1,1,306
2,2,1,2,2,1,1,307
3,3,2,1,3,2,3,308
3,1,3,3,3,2,1,309
3,2,2,2,3,3,2,310
1,2,3,2,2,1,1,311
3,3,3,2,3,3,2,312
1,1,1,3,2,1,2,313
3,3,3,3,3,2,2,314
3,1,1,1,2,3,3,315
2,2,3,2,1,1,2,316
2,1,2,1,2,3,2,317
2,1,3,2,2,1,2,318
1,2,3,3,2,3,3,319
2,3,1,1,1,3,2,320
2,2,2,2,3,2,2,321
1,1,1,2,3,2,3,322
2,1,3,3,1,2,3,323
3,1,1,2,1,3,1,324
2,2,2,3,3,2,2,325
2,2,2,3,3,3,2,326
1,1,2,1,2,3,1,327
2,3,2,3,3,1,2,328
3,2,1,1,1,3,2,329
1,2,3,2,3,2,1,330
2,2,1,2,1,1,2,331
2,2,1,2,2,2,1,332
1,1,1,3,2,2,3,333
2,1,3,2,2,1,3,334
1,2,2,1,1,2,2,335
3,1,1,2,2,1,1,336
2,3,1,1,3,1,3,337
3,2,1,2,1,2,1,338
2,2,2,2,1,1,1,339
2,2,2,3,2,1,1,340
3,1,2,3,3,1,3,341
2,1,2,1,2,2,3,342
2,3,1,3,3,1,3,343
2,2,1,2,2,2,2,344
2,2,2,2,2,3,1,345
3,1,2,3,2,2,3,346
2,2,3,2,3,2,1,347
1,1,3,1,2,1,3,348
1,1,2,1,2,2,3,349
3,3,3,2,3,3,1,350
3,1,1,3,1,3,2,351
2,3,2,1,3,1,3,352
3,2,3,2,2,2,3,353
1,3,2,1,1,1,3,354
3,3,3,1,1,1,2,355
2,3,1,3,3,2,3,356
2,3,1,1,2,2,1,357
2,3,1,2,2,1,1,358
3,2,2,3,3,3,2,359
3,3,2,1,2,1,1,360
3,2,3,2,2,3,3,361
1,3,3,2,2,3,2,362
2,2,1,1,3,1,2,363
2,3,2,2,1,1,2,364
3,3,3,2,1,1,1,365
3,1,2,3,3,3,3,366
2,2,3,2,1,3,2,367
1,1,1,1,1,3,2,368
3,1,1,2,2,3,3,369
3,3,1,3,3,2,3,370
3,2,1,3,3,1,1,371
3,2,2,2,1,2,3,372
3,1,2,2,1,2,1,373
2,1,1,2,2,1,1,374
2,1,3,1,1,3,3,375
3,2,3,1,1,3,2,376
1,1,3,1,3,2,2,377
3,3,2,2,1,2,2,378
3,3,3,1,2,3,2,379
2,2,2,3,1,1,1,380
1,2,2,1,2,1,3,381
1,3,1,1,1,1,3,382
1,1,3,2,3,1,1,383
3,3,1,2,1,2,1,384
1,3,3,3,1,2,1,385
3,1,3,3,1,3,1,386
1,2,2,2,3,1,3,387
2,2,2,1,2,3,3,388
2,3,3,1,3,1,3,389
2,2,3,1,2,3,1,390
1,1,2,2,2,2,3,391
3,2,1,1,1,3,1,392
3,2,2,3,1,3,3,393
1,3,3,3,1,1,1,394
1,2,2,1,3,3,2,395
1,1,3,2,3,1,3,396
1,1,2,1,2,2,2,397
2,3,2,1,1,1,2,398
2,1,1,3,2,3,2,399
1,2,3,3,2,3,2,400
1,1,2,2,1,3,3,401
3,2,3,3,1,1,1,402
2,1,3,3,1,2,2,403
3,2,2,3,1,2,1,404
1,2,2,1,3,3,3,405
2,2,2,1,3,1,2,406
3,3,3,1,3,3,3,407
1,1,2,3,3,3,3,408
1,3,3,2,3,3,2,409
1,2,3,1,2,1,1,410
3,2,1,2,1,2,3,411
2,2,1,3,2,2,1,412
1,2,3,3,3,3,1,413
1,1,2,2,2,2,1,414
1,3,1,3,2,1,1,415
3,1,2,1,2,3,1,416
1,1,3,1,1,3,1,417
2,1,2,1,2,1,1,418
2,2,2,3,3,2,1,419
2,3,2,2,2,3,2,420
2,1,1,1,2,3,3,421
2,3,1,3,2,1,2,422
3,1,2,3,3,1,1,423
1,1,3,3,3,3,3,424
2,2,2,3,1,2,1,425
1,2,3,1,1,3,1,426
3,3,3,2,3,2,2,427
3,3,2,2,1,3,2,428
2,1,2,3,2,1,1,429
3,3,2,1,1,1,1,430
1,1,2,3,1,2,2,431
2,3,3,1,2,3,1,432
1,2,3,3,2,3,1,433
1,1,2,1,3,2,1,434
3,3,2,3,2,3,3,435
1,1,3,2,1,2,1,436
2,2,2,3,1,3,3,437
1,1,1,3,3,3,3,438
3,2,1,1,1,1,3,439
1,3,3,2,3,1,1,440
1,1,1,1,2,1,3,441
3,2,3,2,1,1,2,442
3,3,1,1,3,1,1,443
2,3,1,2,1,2,1,444
3,3,1,3,3,3,2,445
3,2,1,1,3,1,2,446
1,3,2,2,2,1,3,447
2,3,2,1,1,1,1,448
3,3,3,2,1,2,1,449
2,1,3,1,1,3,2,450
1,1,3,2,3,3,3,451
2,2,2,1,1,3,2,452
3,2,2,2,1,1,1,453
1,1,3,2,1,3,1,454
2,3,1,2,2,2,1,455
2,1,3,1,1,2,3,456
3,3,1,3,3,1,1,457
3,2,3,3,2,3,2,458
3,1,1,1,1,2,3,459
2,1,3,1,3,3,1,460
1,1,2,2,2,3,1,461
2,3,2,2,2,1,2,462
2,3,2,1,3,3,3,463
2,1,3,1,2,2,2,464
2,2,3,1,1,2,2,465
3,3,3,1,2,3,1,466
2,2,1,1,2,3,2,467
2,2,2,3,2,3,2,468
3,3,3,2,1,3,1,469
1,3,2,1,3,1,2,470
3,2,2,1,2,3,1,471
1,3,3,3,3,1,2,472
1,1,1,2,3,2,1,473
3,1,3,3,2,3,1,474
2,3,3,1,3,2,2,475
1,1,3,2,2,3,2,476
2,1,2,1,3,2,2,477
3,2,1,3,3,3,2,478
3,1,3,1,2,1,1,479
3,2,1,2,3,2,2,480
3,1,1,2,1,2,3,481
2,3,2,3,2,2,3,482
2,1,3,2,3,3,1,483
3,2,3,2,1,1,1,484
2,2,3,1,3,3,1,485
3,1,1,2,1,1,3,486
2,2,3,3,3,3,1,487
3,1,2,3,3,3,2,488
2,3,2,2,2,3,1,489
3,3,2,3,3,3,1,490
2,3,3,2,1,2,3,491
2,3,2,1,2,3,2,492
2,2,3,2,2,3,2,493
3,3,3,2,1,3,2,494
2,1,3,2,2,2,1,495
1,3,3,1,3,2,3,496
2,1,2,3,2,2,3,497
2,2,2,2,3,2,3,498
1,2,2,1,2,2,2,499
2,3,1,2,2,2,3,500
3,3,3,2,1,1,3,501
3,3,3,1,3,1,2,502
2,3,2,2,3,1,2,503
1,2,1,2,3,3,2,504
3,2,3,1,3,1,3,505
2,3,1,3,1,2,3,506
3,1,3,1,2,1,2,507
2,2,3,3,3,3,3,508
1,2,1,3,3,2,1,509
3,2,2,1,3,2,1,510
2,2,2,1,2,2,2,511
3,1,3,3,1,1,3,512
2,2,3,3,2,1,2,513
3,2,1,1,1,2,3,514
1,3,3,1,3,3,1,515
1,2,2,3,2,1,3,516
2,2,2,3,3,1,2,517
2,1,3,3,1,3,2,518
2,1,3,1,2,1,2,519
1,3,3,2,2,2,1,520
1,2,3,3,3,2,2,521
2,3,1,3,2,1,3,522
2,2,1,3,1,2,2,523
1,1,3,1,1,1,1,524
3,2,1,3,2,1,1,525
2,3,1,3,1,3,1,526
1,2,3,2,1,3,2,527
3,3,1,3,3,1,2,528
1,3,3,1,3,3,2,529
1,1,3,1,2,3,2,530
2,3,1,2,2,1,2,531
1,3,2,3,3,3,3,532
3,1,1,2,2,2,1,533
1,3,1,3,1,1,2,534
3,2,1,3,1,2,1,535
3,1,2,2,1,1,1,536
3,2,1,2,2,2,3,537
2,2,3,1,2,3,3,538
1,3,1,2,2,2,3,539
3,2,2,1,3,1,2,540
2,2,1,1,2,1,2,541
2,1,2,1,1,2,1,542
2,3,1,2,1,3,1,543
2,2,3,1,1,3,2,544
2,2,2,1,3,3,2,545
2,1,1,2,3,2,1,546
1,3,3,1,2,1,1,547
2,1,3,3,1,2,1,548
2,2,1,3,1,2,1,549
1,2,1,2,3,1,2,550
3,3,3,1,3,3,1,551
2,2,1,3,1,1,1,552
3,1,1,2,1,1,1,553
2,2,1,3,1,3,2,554
1,3,2,2,3,3,3,555
3,1,1,3,3,1,1,556
1,3,1,3,2,3,3,557
1,3,1,2,2,2,1,558
1,1,3,3,1,2,1,559
1,2,2,2,3,3,1,560
1,2,1,1,2,3,2,561
1,2,3,2,2,2,2,562
2,3,2,3,1,1,3,563
2,2,2,1,3,3,3,564
2,2,1,2,2,1,2,565
3,3,2,1,2,3,3,566
3,2,2,3,2,3,2,567
2,3,1,1,1,3,3,568
3,2,1,2,2,3,3,569
3,3,1,1,1,3,2,570
2,3,1,1,1,2,1,571
3,3,2,2,2,3,3,572
3,2,1,2,2,1,1,573
3,2,2,1,2,2,2,574
1,1,2,3,3,2,2,575
3,3,1,2,3,3,3,576
3,1,1,3,2,1,1,577
3,1,3,3,1,1,2,578
1,1,2,1,1,3,3,579
3,3,3,3,1,1,2,580
1,1,2,2,1,1,3,581
2,1,3,2,2,3,1,582
3,1,3,2,1,3,1,583
1,2,3,1,2,2,2,584
3,1,1,1,1,1,2,585
1,1,3,2,1,1,1,586
2,2,2,1,2,3,2,587
2,1,1,3,2,2,1,588
1,1,3,3,3,2,3,589
3,2,3,1,2,3,2,590
2,2,3,2,3,3,1,591
1,3,1,1,1,1,2,592
3,3,1,2,1,3,3,593
3,3,1,2,2,2,2,594
3,3,3,2,3,1,1,595
1,2,3,3,1,1,3,596
2,3,3,3,3,2,1,597
1,3,2,1,2,1,3,598
1,3,1,2,3,2,2,599
2,1,3,1,1,1,1,600
3,3,1,1,1,1,2,601
3,3,2,2,1,1,1,602
1,2,3,3,3,2,1,603
1,3,1,1,2,3,2,604
3,2,3,2,2,2,1,605
1,1,1,1,2,2,3,606
1,1,1,3,2,1,3,607
3,3,1,1,1,1,1,608
2,2,3,3,1,2,1,609
1,2,1,2,1,2,2,610
1,2,3,1,2,2,1,611
3,1,2,2,3,1,2,612
1,2,2,1,1,3,1,613
3,1,2,1,1,1,1,614
3,1,2,2,1,1,3,615
1,2,2,3,2,3,3,616
2,3,2,1,1,2,1,617
1,1,2,3,2,3,2,618
3,3,2,3,3,1,3,619
2,1,2,3,1,1,2,620
2,1,2,2,1,1,2,621
2,1,1,1,3,1,3,622
1,3,2,1,3,2,1,623
1,1,2,1,1,2,3,624
2,2,2,1,1,3,1,625
3,3,3,1,2,2,2,626
1,2,3,1,1,2,2,627
1,3,2,3,1,3,2,628
1,1,2,2,2,2,2,629
1,2,3,3,3,3,3,630
1,2,2,2,2,3,1,631
3,2,2,3,2,1,2,632
2,2,2,2,1,1,3,633
2,1,1,1,3,2,3,634
1,3,3,2,2,3,3,635
2,2,1,3,3,2,3,636
1,2,1,1,2,2,3,637
2,1,3,3,3,2,2,638
2,1,2,3,3,1,2,639
3,3,1,1,2,1,3,640
2,3,1,1,2,3,3,641
3,3,1,3,2,1,3,642
2,2,3,1,3,2,3,643
2,1,2,3,1,2,1,644
3,3,3,3,2,3,1,645
3,1,2,1,3,2,3,646
1,1,1,1,1,2,1,647
3,3,2,2,3,3,2,648
2,2,3,3,3,2,3,649
3,2,3,3,2,2,3,650
3,2,3,3,3,3,1,651
3,3,1,3,2,1,2,652
3,2,1,3,2,2,1,653
1,1,3,1,3,2,3,654
3,1,3,2,1,3,2,655
3,1,3,1,3,2,2,656
3,3,3,3,3,1,3,657
2,3,2,2,3,2,1,658
2,1,1,3,1,3,3,659
3,1,1,3,2,1,2,660
3,1,1,2,1,3,2,661
3,3,3,2,1,2,3,662
2,3,2,1,2,1,3,663
1,3,3,3,3,1,1,664
3,2,2,1,2,2,1,665
1,1,1,3,2,1,1,666
2,1,1,1,1,1,1,667
1,3,1,2,3,1,3,668
2,3,3,3,3,3,1,669
2,3,1,1,2,2,2,670
1,1,3,2,1,3,2,671
1,3,3,2,1,1,2,672
3,1,3,2,3,1,1,673
1,2,2,2,2,2,2,674
1,3,2,2,3,2,2,675
1,3,1,1,3,1,2,676
2,1,1,1,1,3,3,677
2,2,2,1,2,1,2,678
2,3,1,1,2,1,2,679
2,1,2,2,3,1,1,680
3,3,1,3,2,1,1,681
2,2,3,3,2,3,2,682
2,1,3,3,3,2,3,683
1,3,3,2,1,1,3,684
2,3,3,1,1,2,1,685
1,3,2,3,1,1,2,686
2,1,1,3,3,2,1,687
2,3,3,2,2,3,1,688
2,3,3,3,3,3,3,689
3,1,2,1,1,3,2,690
3,1,1,3,3,3,3,691
1,3,3,1,1,3,2,692
1,2,2,1,2,1,1,693
2,1,2,1,2,3,1,694
2,2,1,1,2,3,1,695
2,3,3,1,3,1,1,696
2,2,3,2,2,1,1,697
3,2,3,1,1,1,1,698
1,2,2,2,1,2,3,699
3,2,3,3,1,2,1,700
3,2,3,3,1,1,3,701
1,2,2,1,3,2,3,702
2,1,1,1,1,3,1,703
1,1,3,1,1,2,3,704
2,1,2,2,3,3,3,705
3,2,3,1,3,1,2,706
3,1,1,2,3,1,3,707
3,3,1,2,3,1,1,708
2,3,2,3,3,3,3,709
2,3,1,1,2,1,1,710
1,1,1,3,2,3,1,711
2,3,2,3,1,3,3,712
3,2,2,1,2,1,2,713
1,1,2,2,2,1,1,714
1,1,1,1,1,3,1,715
1,2,1,1,1,3,2,716
2,3,3,3,1,2,3,717
2,1,1,2,2,2,1,718
3,3,3,1,1,1,1,719
2,2,3,1,1,2,3,720
3,2,1,1,1,3,3,721
1,2,2,3,3,2,3,722
1,2,3,1,2,3,3,723
3,2,3,3,1,2,3,724
2,3,2,1,3,2,3,725
3,1,3,2,2,1,3,726
3,3,3,2,2,1,3,727
3,1,3,2,3,1,3,728
3,2,3,3,3,1,1,729
3,2,1,2,1,3,1,730
2,1,2,1,3,2,3,731
1,3,1,3,1,2,1,732
3,1,2,3,2,3,2,733
1,1,3,3,1,3,1,734
2,1,1,3,2,3,3,735
2,1,1,2,1,1,1,736
1,3,3,1,1,2,1,737
3,1,1,1,2,2,1,738
1,2,1,1,1,3,3,739
2,3,2,2,1,2,3,740
1,1,2,1,3,1,2,741
2,1,2,2,2,2,1,742
2,2,1,2,2,1,3,743
2,2,2,2,2,3,2,744
1,2,1,3,1,1,2,745
2,2,1,2,2,2,3,746
3,1,1,1,2,1,1,747
1,3,1,1,3,1,1,748
3,1,1,3,3,3,2,749
1,1,3,3,2,3,1,750
3,3,1,2,3,2,1,751
2,3,3,3,2,3,1,752
1,1,2,3,2,2,3,753
1,2,1,3,1,1,1,754
3,3,3,1,2,1,2,755
2,2,2,2,3,2,1,756
1,2,2,1,2,2,3,757
1,3,2,3,3,3,2,758
1,2,2,3,3,3,2,759
3,2,1,3,1,1,2,760
2,2,3,1,3,1,2,761
2,2,3,1,2,1,3,762
1,2,3,3,1,2,1,763
3,1,3,2,2,1,1,764
2,3,1,1,1,2,2,765
2,2,1,3,3,2,1,766
1,2,2,2,3,3,3,767
3,1,3,3,3,1,3,768
3,1,2,3,3,2,1,769
3,2,3,3,2,1,3,770
2,2,1,1,1,3,1,771
2,3,2,2,2,2,1,772
3,3,1,2,1,1,2,773
3,3,2,2,3,1,1,774
2,2,3,2,2,1,2,775
1,3,3,2,1,3,1,776
2,1,2,3,3,3,1,777
2,2,2,3,2,3,3,778
1,1,3,3,3,2,1,779
2,3,2,2,3,2,2,780
2,1,1,3,3,3,2,781
2,1,1,1,2,2,3,782
2,3,2,1,3,2,2,783
2,3,3,1,2,2,1,784
3,3,2,3,3,1,1,785
2,2,2,3,2,1,3,786
3,2,2,3,3,2,2,787
3,2,1,3,2,3,1,788
1,2,2,2,3,2,1,789
2,1,2,3,1,3,1,790
1,1,3,2,1,1,2,791
2,1,1,3,1,1,2,792
2,3,3,3,2,3,3,793
1,1,1,2,1,3,3,794
2,1,2,3,1,2,2,795
3,2,2,1,1,3,3,796
2,2,3,3,2,3,1,797
2,1,1,2,2,1,2,798
1,1,2,1,2,1,3,799
2,1,2,2,3,2,2,800
2,2,3,3,3,1,3,801
1,1,2,1,1,1,1,802
2,2,3,2,1,3,1,803
2,3,3,3,2,1,1,804
2,3,3,1,1,1,1,805
3,2,1,3,3,1,3,806
2,3,1,2,3,3,2,807
2,3,2,3,2,3,1,808
3,3,1,3,1,2,3,809
3,3,1,1,3,2,1,810
2,2,3,3,1,3,2,811
3,2,2,1,2,2,3,812
1,2,2,1,1,2,1,813
2,2,1,3,2,2,2,814
1,3,3,3,2,3,2,815
2,1,1,2,3,3,3,816
1,2,3,3,1,2,3,817
3,1,1,3,3,1,2,818
3,2,3,1,2,2,1,819
3,3,3,3,3,3,3,820
3,1,3,2,3,2,1,821
2,3,3,3,3,1,1,822
3,1,3,3,3,2,3,823
3,1,3,2,3,2,3,824
2,1,3,2,3,2,1,825
1,2,1,2,3,1,1,826
2,1,2,3,2,2,1,827
1,3,1,1,2,1,1,828
3,1,1,1,3,1,1,829
3,3,1,2,2,1,2,830
1,3,2,1,2,3,1,831
3,3,3,3,2,3,3,832
3,3,2,2,1,1,2,833
1,2,3,2,3,1,2,834
3,2,3,2,3,3,3,835
1,1,2,3,3,3,1,836
2,1,1,2,3,1,2,837
3,1,2,3,1,3,3,838
3,3,2,3,3,2,3,839
1,2,2,3,1,2,3,840
2,3,3,2,3,3,1,841
3,2,1,2,3,3,2,842
3,2,1,3,2,1,2,843
2,2,3,1,2,2,1,844
3,3,3,2,1,3,3,845
2,3,1,3,1,1,2,846
2,2,3,3,3,3,2,847
2,1,3,3,3,1,3,848
3,1,3,3,3,3,2,849
3,1,2,2,1,1,2,850
2,1,2,1,3,3,1,851
2,3,3,1,2,2,2,852
1,2,1,2,2,2,1,853
3,1,3,1,1,1,3,854
3,2,1,2,2,2,1,855
1,2,2,2,2,2,1,856
3,2,3,2,1,1,3,857
2,2,2,2,1,2,1,858
2,2,1,2,1,1,3,859
2,1,3,3,2,3,2,860
3,2,2,3,2,3,3,861
3,3,2,2,1,3,3,862
2,3,3,3,3,3,2,863
1,3,1,2,2,3,1,864
3,1,2,1,3,3,3,865
3,2,1,2,3,2,1,866
3,2,1,2,1,3,2,867
3,1,1,1,3,3,2,868
2,1,1,3,1,3,1,869
2,2,2,1,3,1,1,870
1,1,1,2,3,3,3,871
1,2,1,2,1,3,1,872
1,1,1,1,3,1,2,873
3,3,3,3,3,1,1,874
1,1,2,3,2,1,2,875
1,3,2,3,3,2,1,876
2,2,3,3,2,3,3,877
3,1,3,1,3,3,2,878
3,3,2,3,2,3,2,879
2,1,3,1,2,2,3,880
1,1,3,1,3,1,2,881
3,3,1,2,2,2,3,882
1,3,1,2,2,3,2,883
3,3,3,3,2,3,2,884
2,1,2,1,3,3,2,885
1,2,3,1,1,1,3,886
2,2,2,1,1,2,3,887
1,2,3,2,1,2,3,888
1,1,2,2,3,1,2,889
2,1,1,3,1,2,2,890
1,3,3,2,1,2,2,891
3,1,3,1,2,1,3,892
3,1,3,3,2,2,1,893
3,2,2,2,2,2,3,894
3,2,1,1,2,2,2,895
2,1,1,2,2,3,2,896
3,1,2,1,1,2,1,897
1,1,1,3,3,3,2,898
3,3,1,1,1,3,1,899
1,3,3,1,3,1,2,900
2,1,1,2,3,1,3,901
1,3,3,3,3,2,2,902
2,3,2,2,2,1,3,903
1,1,2,1,3,3,3,904
2,1,1,3,3,2,3,905
3,1,3,3,2,2,3,906
3,3,2,1,2,3,1,907
1,2,1,1,1,2,1,908
1,1,1,3,3,2,1,909
1,3,3,1,1,2,2,910
2,3,3,3,1,1,1,911
2,2,2,2,2,3,3,912
2,3,2,3,1,3,1,913
3,1,3,2,3,3,1,914
1,1,3,1,2,3,3,915
1,1,3,1,1,3,3,916
1,3,2,2,1,1,2,917
2,1,3,3,2,2,1,918
1,1,1,3,1,2,2,919
2,3,2,2,3,3,3,920
2,3,2,3,3,2,3,921
1,2,1,3,3,2,3,922
2,2,2,1,1,2,2,923
2,3,2,1,1,2,3,924
2,2,2,3,3,3,3,925
1,1,3,1,1,1,2,926
3,1,1,3,2,3,1,927
2,1,3,3,2,3,3,928
1,3,3,3,3,2,3,929
2,1,2,3,3,2,2,930
1,3,1,3,3,1,1,931
3,2,1,1,3,2,2,932
2,3,1,3,3,2,1,933
2,2,1,1,3,3,3,934
2,3,1,3,1,2,1,935
2,3,2,1,1,3,2,936
1,1,3,3,1,2,2,937
1,2,1,1,3,2,3,938
2,3,2,3,1,1,2,939
2,3,3,1,1,1,2,940
3,2,3,1,1,2,1,941
2,1,2,3,2,2,2,942
2,2,3,1,3,2,2,943
3,2,3,1,1,3,3,944
1,2,1,3,2,1,1,945
2,2,2,1,1,2,1,946
2,2,1,1,3,2,3,947
3,1,1,2,1,1,2,948
1,2,1,2,1,2,3,949
3,2,2,2,3,3,1,950
3,1,2,3,3,1,2,951
1,1,2,3,3,1,2,952
2,2,3,1,2,2,2,953
3,1,1,2,3,1,1,954
1,3,1,1,3,3,3,955
2,3,3,2,3,1,1,956
2,1,3,2,3,1,2,957
3,1,3,1,1,2,3,958
2,1,2,2,2,1,2,959
2,1,2,2,1,2,2,960
1,1,1,3,1,2,3,961
2,3,3,1,3,3,2,962
1,1,2,3,2,3,3,963
1,2,1,1,1,1,3,964
2,3,2,1,2,3,3,965
2,3,3,3,1,3,1,966
1,2,2,2,3,1,2,967
1,2,2,3,3,1,2,968
3,3,2,3,1,1,3,969
2,1,1,3,2,2,2,970
2,3,2,1,2,2,1,971
2,3,1,2,3,2,1,972
2,2,1,1,2,2,2,973
3,3,2,1,2,2,3,974
1,1,3,3,1,1,2,975
1,3,3,2,3,1,3,976
2,1,3,2,3,3,2,977
2,2,2,1,2,2,3,978
1,1,2,1,3,3,2,979
1,2,3,1,1,2,3,980
2,2,1,3,1,1,2,981
1,2,2,2,2,1,3,982
3,1,2,2,3,1,3,983
1,3,2,3,1,2,2,984
2,2,3,2,1,2,1,985
2,2,2,1,2,1,1,986
3,1,3,2,2,2,1,987
1,1,2,1,3,2,3,988
2,2,1,1,3,3,1,989
1,2,1,2,2,1,2,990
2,2,3,1,1,1,1,991
1,2,3,2,2,3,1,992
2,3,3,1,2,3,2,993
2,2,1,1,1,2,2,994
3,1,1,1,1,3,1,995
1,3,3,3,2,1,2,996
3,1,2,2,2,3,2,997
1,1,1,2,3,3,1,998
3,3,2,1,3,1,3,999
3,1,1,1,1,1,3,1000
2,2,3,3,2,2,2,1001
3,2,2,3,3,3,1,1002
3,2,1,2,1,1,2,1003
3,3,3,3,2,1,3,1004
1,3,3,1,2,3,1,1005
2,2,1,3,3,1,2,1006
2,3,3,1,3,1,2,1007
1,3,3,3,2,3,1,1008
3,1,1,3,2,3,2,1009
2,1,2,1,1,1,2,1010
2,1,1,2,3,2,3,1011
1,3,3,2,2,3,1,1012
2,2,3,2,3,1,2,1013
3,1,1,1,2,1,2,1014
3,2,1,1,2,1,3,1015
1,2,1,3,3,2,2,1016
3,2,3,2,1,2,1,1017
1,2,1,3,2,3,1,1018
2,1,1,1,3,3,3,1019
1,2,3,1,3,1,3,1020
3,2,3,2,3,1,1,1021
3,1,2,3,1,3,2,1022
3,2,3,2,3,2,3,1023
1,2,3,3,1,3,2,1024
2,2,2,1,1,1,2,1025
1,2,1,3,2,2,2,1026
2,2,3,3,3,2,1,1027
1,3,1,2,3,2,1,1028
1,1,2,3,2,1,1,1029
1,1,2,1,2,1,2,1030
2,1,3,2,1,1,2,1031
1,2,3,2,2,3,2,1032
1,1,3,2,2,3,3,1033
1,2,1,2,1,3,3,1034
2,3,1,2,3,3,3,1035
3,2,3,1,3,3,1,1036
1,3,2,1,2,1,2,1037
2,1,1,1,1,3,2,1038
3,3,2,1,3,3,2,1039
3,2,3,1,2,3,1,1040
2,3,1,3,2,3,2,1041
1,3,3,2,2,1,1,1042
2,2,3,2,3,2,2,1043
3,2,2,2,3,2,2,1044
2,1,3,2,3,3,3,1045
3,2,2,3,2,3,1,1046
1,2,3,1,2,2,3,1047
2,1,2,2,1,3,2,1048
2,3,3,1,3,2,1,1049
2,1,1,2,2,2,2,1050
2,1,3,2,1,2,2,1051
1,2,1,1,3,3,3,1052
1,2,1,3,2,3,3,1053
3,3,1,3,2,3,3,1054
1,2,1,2,3,3,3,1055
2,3,1,2,3,2,3,1056
2,3,3,2,2,1,2,1057
1,1,1,1,3,1,1,1058
3,1,2,3,2,1,2,1059
1,1,3,1,3,3,3,1060
3,1,3,1,3,1,3,1061
1,1,3,2,2,1,2,1062
1,3,2,1,2,2,3,1063
1,3,2,1,3,1,3,1064
3,2,3,1,2,3,3,1065
3,1,2,1,2,2,1,1066
2,1,1,3,3,2,2,1067
3,1,1,3,1,1,1,1068
3,1,1,2,1,2,2,1069
1,1,3,3,2,3,3,1070
2,3,3,3,2,2,1,1071
1,3,2,1,2,3,3,1072
2,1,2,1,1,2,3,1073
2,1,1,3,2,2,3,1074
1,3,1,3,2,2,3,1075
3,3,1,3,3,3,1,1076
1,3,3,2,1,2,1,1077
3,2,2,2,2,3,3,1078
1,1,3,3,1,3,2,1079
2,3,3,2,2,2,1,1080
2,3,2,1,3,3,2,1081
1,2,1,3,2,3,2,1082
2,2,3,3,2,1,3,1083
1,3,2,3,1,3,3,1084
1,3,3,3,2,2,1,1085
1,1,1,2,3,1,1,1086
3,2,3,2,2,2,2,1087
3,3,1,1,1,2,3,1088
2,1,2,1,1,3,1,1089
2,3,3,2,3,2,2,1090
1,3,2,2,3,2,1,1091
3,3,2,3,1,3,3,1092
3,3,2,3,2,1,2,1093
1,1,2,3,3,1,3,1094
2,2,3,1,1,2,1,1095
1,1,1,3,2,3,2,1096
2,2,3,2,2,2,3,1097
3,1,3,3,3,1,1,1098
1,2,1,1,2,2,1,1099
3,2,2,1,3,3,1,1100
1,1,1,2,1,2,2,1101
3,2,2,3,2,2,3,1102
2,3,1,3,1,3,2,1103
1,2,3,2,2,3,3,1104
1,3,1,2,2,2,2,1105
3,3,1,1,3,3,2,1106
2,2,1,2,3,1,3,1107
3,3,1,1,2,3,3,1108
3,3,2,2,2,1,1,1109
1,1,2,2,3,3,3,1110
1,3,3,2,3,2,3,1111
1,1,3,2,1,3,3,1112
3,3,3,3,1,1,1,1113
2,2,1,1,3,1,1,1114
2,2,2,1,2,1,3,1115
2,1,3,3,1,1,2,1116
3,2,1,1,2,1,1,1117
1,3,1,3,1,2,3,1118
2,2,3,1,3,3,2,1119
1,1,2,3,1,1,3,1120
3,3,2,1,3,2,2,1121
2,3,1,3,2,3,3,1122
1,2,1,1,3,2,2,1123
2,1,2,2,2,1,3,1124
1,2,2,1,2,3,3,1125
3,1,2,3,2,2,2,1126
1,3,1,2,3,1,2,1127
3,1,3,2,1,1,3,1128
2,3,1,2,1,1,3,1129
2,1,2,3,2,3,1,1130
2,3,1,2,1,2,2,1131
1,2,3,1,3,2,1,1132
2,1,2,1,2,3,3,1133
3,1,3,2,2,1,2,1134
2,3,3,2,3,3,2,1135
1,3,3,3,1,3,1,1136
1,1,2,1,1,2,1,1137
1,2,1,2,1,1,2,1138
3,3,1,3,1,3,2,1139
3,2,1,2,3,1,2,1140
1,3,3,1,3,2,1,1141
3,3,3,3,2,1,1,1142
1,1,2,3,1,1,1,1143
3,2,3,3,1,3,1,1144
2,2,1,3,3,3,1,1145
3,1,2,2,3,3,1,1146
2,1,2,3,1,1,3,1147
2,3,1,3,1,3,3,1148
2,2,1,2,1,2,1,1149
1,1,2,2,2,1,2,1150
2,3,1,1,2,3,1,1151
1,2,2,2,1,1,3,1152
1,3,2,1,3,2,3,1153
3,2,1,1,1,2,2,1154
3,2,3,1,2,2,3,1155
3,3,2,3,1,1,1,1156
3,3,1,1,2,2,3,1157
2,2,1,1,2,3,3,1158
3,3,1,3,2,2,2,1159
2,1,1,1,3,3,1,1160
2,1,1,3,2,1,3,1161
3,2,2,2,3,3,3,1162
2,2,1,3,2,3,2,1163
2,2,1,2,3,3,1,1164
2,2,1,1,1,1,2,1165
2,3,3,2,1,1,1,1166
2,3,1,3,3,1,2,1167
1,3,3,2,2,2,2,1168
1,2,2,2,2,2,3,1169
1,1,1,1,3,2,3,1170
3,3,1,1,2,2,2,1171
1,3,2,3,3,2,2,1172
3,2,1,3,3,3,3,1173
1,3,3,3,1,2,3,1174
1,3,2,3,2,2,1,1175
3,3,1,1,2,1,1,1176
3,1,2,2,1,3,3,1177
1,2,3,1,3,3,3,1178
1,1,3,1,1,2,1,1179
2,1,2,1,3,3,3,1180
3,2,1,1,3,3,2,1181
2,3,2,1,2,3,1,1182
3,1,1,2,3,3,1,1183
3,2,2,3,2,2,2,1184
2,2,3,1,2,2,3,1185
1,2,3,3,1,1,1,1186
3,3,3,2,3,1,3,1187
2,1,3,2,2,2,2,1188
1,1,3,3,3,1,2,1189
1,2,3,3,2,1,3,1190
3,1,1,3,1,1,2,1191
3,1,1,1,1,3,3,1192
1,2,2,3,3,2,1,1193
1,3,1,3,1,3,2,1194
2,2,3,2,2,1,3,1195
3,3,3,1,3,2,1,1196
2,2,2,1,3,2,2,1197
2,1,2,1,2,2,2,1198
2,1,3,3,3,1,2,1199
2,1,1,1,3,1,1,1200
2,2,2,1,1,3,3,1201
1,2,1,1,2,1,3,1202
1,2,2,3,1,2,2,1203
1,3,1,2,2,1,2,1204
3,1,3,3,1,3,2,1205
3,3,3,1,3,1,1,1206
1,3,1,2,3,3,1,1207
3,1,2,2,3,3,3,1208
2,2,2,2,1,3,2,1209
3,3,3,1,1,3,2,1210
3,2,1,3,1,3,1,1211
3,3,2,2,3,1,2,1212
3,3,2,2,2,2,3,1213
3,1,1,2,2,2,2,1214
1,2,2,2,2,3,3,1215
1,2,2,2,1,1,1,1216
1,3,1,3,1,1,3,1217
2,1,2,2,3,1,2,1218
3,1,3,1,3,1,1,1219
1,1,3,1,1,2,2,1220
1,1,2,2,3,3,1,1221
1,3,3,2,2,2,3,1222
3,2,1,3,3,2,1,1223
3,1,3,1,3,3,3,1224
2,2,3,1,1,1,2,1225
1,1,1,2,1,2,3,1226
2,1,1,3,3,3,3,1227
1,1,1,3,3,2,3,1228
2,1,1,3,1,1,1,1229
3,2,3,2,1,2,2,1230
3,3,2,1,1,3,1,1231
2,2,3,2,1,1,3,1232
2,1,1,1,3,3,2,1233
1,2,3,2,1,1,1,1234
3,3,1,3,2,2,1,1235
3,1,1,3,1,2,3,1236
3,2,2,3,1,1,3,1237
2,1,1,2,1,1,3,1238
1,1,2,3,1,3,3,1239
3,1,3,3,2,1,3,1240
3,3,2,2,2,3,1,1241
1,3,2,1,2,1,1,1242
3,1,3,2,3,1,2,1243
2,2,2,2,1,2,2,1244
2,2,2,2,3,3,2,1245
2,1,3,1,2,1,1,1246
1,3,3,3,3,3,2,1247
2,1,1,1,1,2,3,1248
1,3,1,1,2,2,2,1249
2,3,1,3,3,3,2,1250
2,1,3,1,3,2,3,1251
3,3,2,2,3,2,3,1252
1,1,1,3,3,1,1,1253
3,3,2,1,3,3,3,1254
3,3,1,2,2,2,1,1255
1,2,1,3,2,1,2,1256
3,1,3,2,3,2,2,1257
1,2,3,3,3,3,2,1258
2,3,3,2,2,2,2,1259
1,1,3,1,2,2,3,1260
2,2,2,3,2,2,1,1261
2,2,3,3,1,3,1,1262
2,1,1,3,3,1,2,1263
3,2,2,3,2,2,1,1264
2,2,2,2,2,2,1,1265
3,1,3,3,1,2,3,1266
3,3,1,3,1,3,1,1267
1,3,1,3,3,3,1,1268
3,1,3,1,3,1,2,1269
3,2,3,2,1,3,1,1270
2,3,2,1,3,2,1,1271
2,2,1,3,1,2,3,1272
3,2,3,1,3,3,2,1273
1,1,2,3,3,2,3,1274
1,3,2,2,1,1,1,1275
1,2,3,2,2,1,2,1276
2,2,2,2,3,1,3,1277
1,2,3,3,1,2,2,1278
2,1,2,2,3,3,1,1279
3,3,3,3,1,2,2,1280
2,3,1,3,1,1,1,1281
1,1,3,2,3,2,1,1282
3,3,2,1,2,2,1,1283
3,3,1,2,2,1,3,1284
3,3,1,1,2,3,1,1285
2,3,2,3,2,1,2,1286
3,1,2,3,1,1,1,1287
1,2,3,2,3,2,3,1288
1,2,2,2,3,2,3,1289
1,2,3,3,3,1,3,1290
1,2,2,2,1,3,3,1291
3,1,3,2,2,2,2,1292
3,3,2,3,2,2,1,1293
1,2,3,2,1,3,1,1294
2,3,1,1,1,1,1,1295
3,1,3,1,2,2,1,1296
3,3,3,1,1,2,3,1297
1,1,1,2,2,3,3,1298
2,2,1,3,2,2,3,1299
1,1,1,2,2,1,1,1300
1,3,3,3,2,1,3,1301
2,3,3,1,2,2,3,1302
1,3,2,3,3,1,1,1303
3,3,2,1,1,2,2,1304
1,1,1,2,2,3,1,1305
1,2,2,2,3,2,2,1306
2,2,2,2,2,1,1,1307
1,1,1,1,3,3,3,1308
3,3,2,1,1,3,3,1309
3,2,3,3,2,2,2,1310
3,1,2,1,2,1,1,1311
2,2,2,1,2,2,1,1312
1,2,3,3,3,1,2,1313
2,1,2,1,3,1,2,1314
3,3,1,3,3,2,2,1315
3,1,2,2,1,2,2,1316
1,2,2,1,1,1,3,1317
1,1,3,3,2,3,2,1318
3,2,2,1,3,2,2,1319
2,2,2,1,3,3,1,1320
1,1,1,1,3,3,2,1321
1,3,1,2,2,1,1,1322
2,1,2,3,3,2,1,1323
3,2,2,3,2,1,3,1324
3,2,2,1,1,2,3,1325
3,3,1,2,1,1,1,1326
2,1,1,3,3,1,3,1327
1,2,3,1,2,1,2,1328
2,3,1,2,3,2,2,1329
2,3,1,3,3,1,1,1330
1,2,1,1,2,3,3,1331
2,2,3,3,1,3,3,1332
3,3,1,3,1,1,1,1333
3,2,2,1,3,2,3,1334
1,1,2,1,3,3,1,1335
3,1,3,1,1,3,2,1336
1,1,1,1,2,1,1,1337
1,3,3,1,3,1,3,1338
2,3,3,1,3,3,1,1339
3,3,2,1,3,1,2,1340
1,1,3,1,3,2,1,1341
1,2,1,2,2,3,3,1342
1,2,2,1,1,1,2,1343
3,3,1,1,1,1,3,1344
3,2,3,3,1,3,2,1345
3,3,2,3,1,2,3,1346
1,3,3,1,2,2,2,1347
1,3,3,2,1,2,3,1348
3,3,3,2,3,3,3,1349
1,2,2,3,2,2,2,1350
1,3,2,2,2,3,1,1351
3,2,1,2,3,1,3,1352
1,1,2,1,1,3,2,1353
1,1,3,2,3,3,1,1354
2,1,3,3,3,2,1,1355
2,2,3,3,3,2,2,1356
2,1,1,1,3,2,1,1357
3,1,3,2,3,3,3,1358
3,3,2,3,2,2,3,1359
1,2,3,1,1,3,2,1360
1,1,2,2,2,3,3,1361
2,3,3,2,1,2,2,1362
3,1,1,2,2,3,1,1363
2,2,1,1,3,2,2,1364
1,3,1,2,1,3,2,1365
2,1,3,1,3,3,2,1366
1,3,1,3,1,3,3,1367
3,1,3,3,2,2,2,1368
2,1,1,1,1,1,2,1369
3,2,1,1,3,1,1,1370
3,2,2,1,3,3,3,1371
3,2,3,2,1,2,3,1372
1,3,2,1,1,2,3,1373
2,2,1,2,3,1,1,1374
3,3,2,3,2,2,2,1375
2,3,3,1,2,3,3,1376
2,3,2,2,2,3,3,1377
3,2,2,3,1,1,1,1378
3,1,2,1,3,2,2,1379
3,1,2,2,2,1,2,1380
1,1,2,2,1,1,1,1381
3,3,1,1,3,1,3,1382
1,3,3,1,3,2,2,1383
3,2,1,1,2,3,2,1384
1,1,3,2,2,2,3,1385
2,3,2,2,3,1,3,1386
3,3,1,3,3,2,1,1387
2,3,2,2,2,2,3,1388
2,1,3,1,3,1,2,1389
3,1,3,2,1,2,1,1390
3,2,2,2,1,3,2,1391
2,2,2,2,3,1,1,1392
3,3,2,2,2,2,2,1393
3,2,3,3,3,2,3,1394
1,3,3,3,2,1,1,1395
3,1,1,1,2,3,2,1396
2,3,1,3,2,3,1,1397
2,2,3,1,2,1,2,1398
3,1,3,3,2,3,3,1399
1,2,1,3,3,1,2,1400
3,3,2,2,1,3,1,1401
2,2,1,3,3,2,2,1402
1,2,1,2,3,1,3,1403
2,3,3,3,1,3,3,1404
1,3,1,3,3,1,2,1405
1,3,3,1,1,1,3,1406
3,2,1,2,1,1,3,1407
3,2,2,2,2,3,2,1408
1,2,2,3,2,2,3,1409
2,2,2,2,3,1,2,1410
1,3,1,2,1,2,1,1411
2,3,1,1,3,2,2,1412
2,2,2,3,3,3,1,1413
1,3,1,3,2,3,2,1414
3,2,2,3,3,2,1,1415
1,2,3,3,2,2,3,1416
2,2,3,3,2,2,1,1417
2,1,3,2,1,1,3,1418
1,3,1,1,1,2,1,1419
1,1,2,1,1,3,1,1420
2,3,2,3,3,3,1,1421
1,1,1,1,1,3,3,1422
1,1,1,2,2,1,3,1423
2,1,3,2,2,3,2,1424
1,2,1,1,3,1,3,1425
1,3,2,2,3,3,1,1426
2,2,2,1,2,3,1,1427
1,2,3,2,3,2,2,1428
1,1,1,3,3,1,2,1429
2,2,1,1,1,3,3,1430
3,2,3,1,2,1,2,1431
1,1,1,2,1,1,2,1432
2,3,3,2,1,3,2,1433
1,2,2,1,3,1,3,1434
3,2,2,3,1,3,2,1435
3,2,2,1,1,1,3,1436
2,1,3,3,1,1,3,1437
1,1,2,2,2,1,3,1438
2,1,2,2,2,2,2,1439
1,1,2,2,1,2,3,1440
1,3,1,2,3,3,3,1441
1,3,3,2,3,1,2,1442
3,2,1,3,1,2,3,1443
2,1,2,2,1,3,3,1444
2,1,1,1,2,1,2,1445
3,2,1,2,3,2,3,1446
3,1,1,3,2,1,3,1447
2,2,1,2,1,2,3,1448
3,1,2,2,3,2,3,1449
1,2,2,3,2,1,1,1450
3,1,2,3,3,3,1,1451
2,3,2,2,3,3,1,1452
3,1,3,1,1,1,2,1453
2,1,1,2,1,3,2,1454
1,3,3,1,2,1,2,1455
2,1,3,2,1,3,2,1456
3,2,1,1,2,1,2,1457
3,3,3,1,2,3,3,1458
3,2,2,2,3,2,1,1459
3,2,2,3,3,1,3,1460
3,2,3,3,1,1,2,1461
3,2,2,3,3,2,3,1462
1,1,3,2,1,2,3,1463
2,3,1,2,3,1,2,1464
2,2,1,3,3,3,2,1465
2,1,3,2,1,3,1,1466
2,3,1,3,1,1,3,1467
3,2,3,1,1,2,2,1468
3,3,3,1,1,2,2,1469
3,1,3,1,3,2,3,1470
2,3,2,2,1,3,2,1471
1,3,3,1,2,3,3,1472
1,2,1,2,3,2,2,1473
3,3,3,3,1,3,2,1474
1,2,1,2,2,3,2,1475
1,3,2,2,1,3,3,1476
2,1,1,1,2,1,3,1477
1,1,3,3,1,1,1,1478
1,2,3,1,1,1,1,1479
2,2,1,1,1,1,3,1480
2,2,2,2,1,2,3,1481
3,2,2,2,2,2,1,1482
1,2,1,3,1,2,2,1483
1,3,1,1,2,3,1,1484
1,2,2,2,1,2,1,1485
1,1,3,2,2,3,1,1486
2,1,1,3,2,1,1,1487
1,1,1,3,3,2,2,1488
3,2,3,2,1,3,3,1489
3,2,3,3,3,3,2,1490
2,3,2,2,2,1,1,1491
1,1,1,1,1,1,2,1492
1,2,2,1,1,3,3,1493
2,1,3,2,1,1,1,1494
2,1,3,3,1,3,1,1495
3,2,1,1,3,3,3,1496
1,2,1,2,1,1,1,1497
3,2,3,1,1,3,1,1498
2,3,2,3,1,2,2,1499
1,2,1,2,1,2,1,1500
3,1,2,1,1,3,3,1501
3,2,2,2,1,2,1,1502
2,2,2,3,1,2,3,1503
2,2,2,2,1,3,1,1504
3,2,3,2,2,3,2,1505
1,3,3,3,3,2,1,1506
2,1,2,3,3,1,3,1507
1,1,1,2,3,2,2,1508
2,2,3,2,2,3,3,1509
3,1,3,2,2,3,2,1510
2,2,1,3,2,1,3,1511
1,2,2,3,3,2,2,1512
3,3,1,2,1,1,3,1513
1,1,1,2,2,3,2,1514
2,3,1,3,2,2,3,1515
1,1,3,2,2,2,1,1516
3,2,3,1,3,1,1,1517
2,3,2,1,3,1,2,1518
3,3,2,1,1,1,3,1519
2,1,2,2,3,3,2,1520
1,2,1,3,2,2,3,1521
3,1,1,3,2,3,3,1522
3,1,2,3,2,1,3,1523
2,3,1,2,2,1,3,1524
3,1,3,1,2,3,3,1525
1,1,3,3,2,1,3,1526
2,2,2,3,1,2,2,1527
1,3,3,3,1,2,2,1528
2,1,1,3,3,1,1,1529
3,1,1,2,2,1,3,1530
1,3,1,1,3,1,3,1531
2,2,1,1,1,1,1,1532
1,2,1,1,3,3,2,1533
2,1,2,3,3,3,3,1534
3,2,1,3,2,3,2,1535
2,2,1,2,3,2,1,1536
3,3,1,2,2,3,2,1537
1,2,2,3,3,3,1,1538
2,1,1,3,1,2,3,1539
1,3,3,3,2,2,2,1540
3,1,2,1,3,2,1,1541
2,2,3,2,3,2,3,1542
2,3,3,3,1,2,1,1543
2,3,3,3,2,1,2,1544
1,2,1,1,1,3,1,1545
1,1,3,1,2,3,1,1546
2,1,2,1,2,2,1,1547
1,1,2,3,3,2,1,1548
3,1,2,1,3,1,3,1549
2,1,1,2,2,1,3,1550
1,1,2,1,2,3,2,1551
1,3,3,1,3,1,1,1552
2,2,1,2,1,3,2,1553
2,1,3,2,3,2,2,1554
1,2,3,1,3,1,2,1555
3,3,1,2,3,3,1,1556
2,2,2,1,3,1,3,1557
1,3,1,2,1,3,1,1558
3,1,2,1,3,1,2,1559
1,1,2,2,1,1,2,1560
1,1,1,3,1,3,3,1561
1,2,3,3,3,2,3,1562
2,3,1,2,2,3,3,1563
3,3,1,2,3,2,2,1564
2,1,1,1,3,1,2,1565
1,1,3,2,3,1,2,1566
1,1,2,3,2,2,2,1567
1,2,3,2,3,1,3,1568
2,1,3,1,2,1,3,1569
2,1,1,2,3,3,2,1570
2,3,2,3,1,1,1,1571
3,3,3,1,1,3,1,1572
3,1,1,2,3,2,2,1573
3,3,2,1,2,1,3,1574
1,2,3,3,3,1,1,1575
1,3,1,3,1,3,1,1576
3,1,1,2,3,2,1,1577
2,3,2,3,3,3,2,1578
2,3,3,2,3,2,3,1579
2,2,3,1,3,1,1,1580
3,1,3,3,1,3,3,1581
3,1,1,3,1,3,3,1582
2,3,3,1,1,1,3,1583
3,2,3,1,1,1,2,1584
1,2,2,1,3,1,2,1585
1,2,3,1,3,1,1,1586
1,1,1,2,3,1,3,1587
2,2,2,1,1,1,1,1588
1,2,2,3,3,1,3,1589
3,3,2,3,1,2,2,1590
3,2,2,2,2,2,2,1591
2,1,2,3,1,2,3,1592
1,2,1,2,2,1,3,1593
3,3,1,2,2,1,1,1594
3,3,3,3,3,3,1,1595
2,3,3,3,2,3,2,1596
3,1,2,2,2,2,1,1597
2,1,1,2,1,2,3,1598
2,3,2,1,2,2,3,1599
3,1,2,3,1,3,1,1600
2,3,1,3,3,3,1,1601
1,3,3,1,3,3,3,1602
3,2,2,1,3,1,3,1603
1,2,2,2,3,1,1,1604
1,3,1,1,3,2,1,1605
1,2,2,3,1,3,2,1606
1,3,2,2,2,2,1,1607
3,2,2,1,1,1,1,1608
2,1,2,2,2,2,3,1609
2,1,3,3,2,3,1,1610
2,3,2,3,2,2,2,1611
3,2,1,1,3,2,3,1612
2,1,2,1,1,3,3,1613
2,1,1,1,1,1,3,1614
1,3,1,3,1,2,2,1615
3,3,1,1,2,3,2,1616
1,2,3,2,3,3,1,1617
1,1,1,1,1,2,2,1618
3,1,3,1,3,3,1,1619
3,1,2,3,1,2,3,1620
3,3,2,2,3,1,3,1621
3,3,2,3,3,3,2,1622
3,3,2,2,1,1,3,1623
2,3,2,1,1,3,1,1624
1,3,1,1,2,2,1,1625
3,3,3,2,2,3,2,1626
1,2,1,2,3,2,1,1627
3,3,2,3,3,2,1,1628
2,3,3,1,1,3,1,1629
1,3,2,1,1,1,1,1630
1,2,1,2,3,3,1,1631
2,3,3,1,1,3,2,1632
1,2,1,3,3,3,2,1633
2,2,1,3,2,3,3,1634
3,2,3,1,3,3,3,1635
3,2,1,2,2,1,2,1636
2,3,2,1,1,3,3,1637
2,1,2,2,3,2,3,1638
3,1,3,1,2,3,2,1639
3,1,1,1,3,1,2,1640
1,2,1,2,1,1,3,1641
1,1,3,3,3,1,3,1642
3,3,3,1,3,2,2,1643
3,3,3,2,3,2,1,1644
3,1,3,3,2,1,1,1645
3,3,3,3,1,2,1,1646
1,1,1,1,1,2,3,1647
3,1,1,1,2,3,1,1648
1,3,3,3,3,3,3,1649
1,3,3,3,1,3,2,1650
2,1,3,1,3,2,2,1651
1,3,1,3,3,1,3,1652
1,3,3,3,2,2,3,1653
2,2,2,3,2,1,2,1654
2,1,2,3,2,3,3,1655
3,3,3,3,1,3,1,1656
3,1,1,2,1,2,1,1657
1,3,2,3,1,2,3,1658
1,2,1,1,2,3,1,1659
2,3,2,2,3,2,3,1660
3,3,3,2,2,2,2,1661
2,1,3,2,2,3,3,1662
2,3,1,2,2,3,1,1663
2,1,2,1,3,1,3,1664
3,2,1,2,3,3,3,1665
3,3,1,1,3,1,2,1666
1,1,1,3,1,3,1,1667
3,2,1,3,2,2,2,1668
1,1,3,2,2,2,2,1669
3,2,3,3,2,3,1,1670
3,1,1,3,1,1,3,1671
1,2,3,3,1,3,1,1672
2,1,1,2,1,3,1,1673
1,3,1,1,1,3,3,1674
2,2,3,3,1,2,2,1675
3,2,2,2,3,2,3,1676
1,3,3,1,1,3,1,1677
1,2,1,2,1,3,2,1678
3,1,3,1,2,2,3,1679
1,1,1,3,2,2,1,1680
2,3,1,3,2,2,2,1681
1,2,1,1,3,2,1,1682
1,2,2,2,2,1,2,1683
2,1,1,2,2,3,3,1684
1,2,2,3,1,1,2,1685
2,2,1,3,2,1,2,1686
1,2,1,3,1,1,3,1687
3,2,2,3,3,3,3,1688
3,3,3,2,1,1,2,1689
2,3,3,2,3,1,3,1690
3,3,1,2,3,3,2,1691
2,1,1,3,2,3,1,1692
1,2,1,1,1,2,3,1693
1,3,1,2,1,1,2,1694
3,3,3,1,2,1,3,1695
1,1,2,2,1,3,1,1696
1,1,3,1,1,3,2,1697
3,3,1,1,1,2,2,1698
2,3,1,2,1,1,1,1699
2,3,3,3,1,2,2,1700
1,2,2,1,1,3,2,1701
1,3,1,2,1,1,3,1702
3,2,1,1,1,2,1,1703
1,1,2,3,1,3,1,1704
3,1,3,2,3,3,2,1705
1,2,1,2,2,1,1,1706
3,1,3,2,1,1,1,1707
3,3,1,2,2,3,3,1708
2,1,3,2,3,2,3,1709
3,2,3,3,2,1,1,1710
1,1,2,1,2,2,1,1711
1,1,3,1,1,1,3,1712
3,3,3,2,2,2,1,1713
1,3,1,1,2,1,2,1714
1,3,2,2,2,1,2,1715
2,2,2,3,2,2,3,1716
3,2,1,3,2,3,3,1717
2,3,2,2,1,2,2,1718
2,2,2,1,1,1,3,1719
2,2,1,2,3,1,2,1720
2,1,3,1,3,2,1,1721
2,2,3,3,2,1,1,1722
1,1,1,2,2,1,2,1723
2,2,3,3,1,1,2,1724
3,3,1,3,1,2,1,1725
1,2,1,3,2,1,3,1726
3,1,2,2,3,2,2,1727
3,1,1,1,3,2,3,1728
3,3,3,1,1,3,3,1729
3,3,2,3,1,3,1,1730
3,2,3,1,2,2,2,1731
1,3,2,2,3,2,3,1732
1,3,2,1,3,1,1,1733
3,1,2,1,3,3,1,1734
3,1,3,3,3,3,3,1735
2,1,3,2,2,1,1,1736
3,1,2,1,2,1,2,1737
3,1,2,2,2,1,3,1738
1,3,2,3,1,1,3,1739
1,1,3,1,3,3,1,1740
1,3,3,2,3,2,1,1741
3,1,2,1,1,3,1,1742
1,3,3,1,2,3,2,1743
2,1,3,1,2,3,3,1744
3,2,1,3,1,1,3,1745
2,3,3,2,2,3,3,1746
1,3,2,3,2,3,3,1747
1,2,3,1,2,3,2,1748
2,3,1,1,1,1,2,1749
2,3,1,1,3,1,2,1750
3,2,3,2,2,1,2,1751
3,2,2,3,1,1,2,1752
1,1,1,1,1,1,1,1753
3,1,3,1,1,1,1,1754
2,2,3,2,3,1,1,1755
2,1,3,3,2,1,1,1756
3,3,3,3,1,1,3,1757
3,1,2,1,3,1,1,1758
1,3,1,1,1,3,1,1759
2,2,2,2,2,1,3,1760
3,3,1,1,1,2,1,1761
1,2,2,2,2,3,2,1762
2,3,3,2,1,3,1,1763
2,2,2,3,1,1,3,1764
2,2,1,2,1,1,1,1765
3,1,2,1,1,2,2,1766
3,2,2,3,1,2,3,1767
1,2,2,1,2,3,2,1768
1,2,3,2,1,1,2,1769
3,3,3,3,3,2,1,1770
3,1,3,2,2,2,3,1771
1,3,1,2,3,2,3,1772
3,1,3,3,3,1,2,1773
1,2,2,1,3,2,1,1774
1,3,3,3,3,1,3,1775
3,2,1,1,1,1,1,1776
1,1,2,3,2,1,3,1777
1,3,3,3,1,1,2,1778
2,1,3,1,3,1,3,1779
3,1,2,2,3,3,2,1780
3,2,3,2,1,3,2,1781
2,1,3,1,1,1,3,1782
1,2,2,3,1,3,1,1783
1,3,2,3,1,3,1,1784
3,2,2,1,2,1,3,1785
1,2,1,3,3,3,3,1786
1,2,2,2,1,2,2,1787
3,1,2,1,3,3,2,1788
1,1,1,3,3,1,3,1789
2,1,2,2,1,1,3,1790
2,1,1,1,2,1,1,1791
3,3,2,1,3,3,1,1792
3,2,3,2,3,1,3,1793
1,3,2,3,3,2,3,1794
1,3,2,2,2,2,2,1795
1,1,3,1,3,1,3,1796
2,3,1,1,2,3,2,1797
3,3,2,2,3,2,2,1798
1,3,2,1,1,1,2,1799
3,3,2,3,2,3,1,1800
1,2,2,1,3,2,2,1801
2,1,3,3,1,3,3,1802
1,3,3,3,1,3,3,1803
2,1,3,1,1,1,2,1804
1,2,3,1,1,1,2,1805
1,3,2,1,1,3,2,1806
3,3,3,3,3,1,2,1807
2,2,1,2,2,3,1,1808
1,3,2,3,2,3,1,1809
2,2,3,2,3,3,3,1810
2,3,3,1,1,2,2,1811
2,1,2,2,1,3,1,1812
3,2,2,2,1,3,3,1813
1,2,2,3,3,3,3,1814
2,1,1,3,1,3,2,1815
1,3,3,1,1,1,2,1816
1,1,3,2,2,1,1,1817
1,3,1,3,3,2,2,1818
2,3,2,2,1,2,1,1819
2,1,2,1,3,2,1,1820
1,2,1,3,3,1,1,1821
1,3,1,3,2,1,3,1822
2,1,2,3,2,3,2,1823
1,1,1,1,3,3,1,1824
3,2,2,1,2,3,2,1825
3,1,3,3,1,1,1,1826
1,2,2,2,3,3,2,1827
3,2,3,2,3,2,1,1828
1,2,2,3,1,2,1,1829
1,3,2,3,3,1,2,1830
2,2,3,1,1,1,3,1831
2,3,3,2,3,3,3,1832
2,1,1,2,1,2,2,1833
1,3,3,3,2,3,3,1834
1,2,3,2,1,1,3,1835
3,1,1,3,2,2,3,1836
3,1,2,3,2,3,1,1837
2,1,1,2,3,2,2,1838
1,1,1,1,3,1,3,1839
2,1,2,3,2,1,3,1840
3,1,1,3,3,1,3,1841
1,3,2,1,2,2,1,1842
1,3,1,1,2,3,3,1843
2,3,3,2,2,3,2,1844
2,1,1,3,1,2,1,1845
3,2,3,1,3,2,1,1846
3,1,3,2,1,2,2,1847
2,2,2,3,3,1,3,1848
2,2,3,2,3,3,2,1849
1,1,3,1,2,2,2,1850
1,1,3,3,1,1,3,1851
3,1,1,2,2,1,2,1852
1,1,1,3,1,3,2,1853
1,3,2,3,2,1,1,1854
3,3,3,3,2,2,1,1855
1,1,1,2,1,2,1,1856
3,2,3,2,3,3,2,1857
3,3,1,3,2,3,1,1858
1,3,1,3,2,2,1,1859
2,3,1,2,1,3,3,1860
1,3,2,1,1,2,2,1861
3,1,3,2,1,2,3,1862
3,2,1,2,1,2,2,1863
3,3,2,3,1,2,1,1864
3,3,3,3,1,2,3,1865
1,3,1,1,3,3,1,1866
1,3,3,2,1,3,3,1867
3,1,1,3,2,2,2,1868
1,1,1,1,3,2,2,1869
1,2,2,3,2,1,2,1870
2,2,1,3,2,3,1,1871
3,1,3,3,2,1,2,1872
3,3,1,3,3,1,3,1873
3,2,1,2,3,3,1,1874
1,1,2,3,2,2,1,1875
3,3,3,1,3,1,3,1876
3,2,2,1,1,2,1,1877
3,1,3,3,1,2,2,1878
2,1,2,2,2,3,2,1879
1,3,3,2,3,2,2,1880
1,1,2,2,1,2,2,1881
1,3,2,1,3,3,2,1882
3,1,2,2,1,3,1,1883
3,2,1,2,1,3,3,1884
3,1,2,1,2,3,3,1885
2,1,2,1,1,1,3,1886
2,1,2,2,3,1,3,1887
1,1,2,1,1,1,2,1888
3,3,1,3,2,3,2,1889
2,3,3,1,2,1,2,1890
1,3,2,2,3,1,3,1891
2,2,1,2,1,2,2,1892
3,3,2,2,2,3,2,1893
2,3,2,2,1,3,1,1894
1,3,1,1,3,3,2,1895
2,1,3,1,2,2,1,1896
1,1,2,1,2,1,1,1897
3,1,2,3,3,2,3,1898
2,2,2,2,2,1,2,1899
1,3,2,1,2,3,2,1900
3,1,1,3,3,2,1,1901
1,3,2,3,2,2,3,1902
1,2,3,1,3,3,1,1903
2,2,1,2,3,3,2,1904
1,3,1,3,3,3,3,1905
1,3,1,3,2,2,2,1906
1,1,1,3,3,3,1,1907
1,1,2,1,3,2,2,1908
1,3,1,2,1,3,3,1909
1,2,3,2,2,2,3,1910
1,3,3,1,1,1,1,1911
1,2,3,3,1,1,2,1912
3,2,2,3,2,1,1,1913
2,3,2,3,1,3,2,1914
3,3,1,1,3,3,1,1915
1,3,1,1,1,2,3,1916
2,3,1,1,3,3,2,1917
2,2,1,2,3,2,3,1918
3,3,2,2,2,2,1,1919
1,1,1,2,3,1,2,1920
3,1,2,3,2,1,1,1921
1,2,3,2,3,3,3,1922
1,3,2,2,1,3,1,1923
1,2,3,3,2,1,2,1924
3,2,1,1,3,2,1,1925
2,1,3,1,1,3,1,1926
2,1,2,1,2,1,2,1927
3,1,2,2,1,3,2,1928
3,3,3,2,2,1,1,1929
2,3,3,3,3,2,2,1930
2,1,2,1,3,1,1,1931
2,2,2,3,3,2,3,1932
1,3,3,1,2,2,3,1933
3,1,1,1,3,2,1,1934
2,1,1,2,1,1,2,1935
2,3,2,2,3,1,1,1936
3,1,2,3,1,2,1,1937
1,1,3,3,2,2,1,1938
3,1,1,2,3,3,2,1939
3,1,3,1,3,2,1,1940
3,1,2,2,2,3,3,1941
1,1,2,2,1,3,2,1942
3,1,3,2,2,3,1,1943
1,3,1,3,3,2,1,1944
1,1,1,2,2,2,1,1945
1,2,1,1,3,3,1,1946
1,1,2,2,3,1,1,1947
2,2,1,2,3,3,3,1948
2,1,3,2,1,2,3,1949
1,2,2,3,1,1,1,1950
1,2,3,1,3,2,3,1951
3,3,2,3,2,1,3,1952
3,3,2,3,3,1,2,1953
2,3,2,3,2,2,1,1954
2,3,2,2,1,3,3,1955
3,1,2,2,1,2,3,1956
3,2,2,2,2,3,1,1957
1,3,2,2,1,2,1,1958
1,1,1,1,2,2,1,1959
1,3,2,2,1,3,2,1960
2,2,3,1,3,3,3,1961
1,1,1,3,2,3,3,1962
2,2,3,1,3,1,3,1963
2,2,1,1,2,1,1,1964
2,1,3,3,2,1,3,1965
2,3,2,3,3,1,1,1966
1,2,3,2,2,1,3,1967
1,1,3,3,2,2,3,1968
1,3,2,2,2,3,2,1969
3,1,1,3,3,3,1,1970
3,1,2,3,3,2,2,1971
2,3,2,1,2,1,1,1972
3,3,1,3,1,2,2,1973
1,3,2,3,1,1,1,1974
3,2,2,1,1,3,1,1975
3,2,1,2,1,1,1,1976
1,1,2,3,1,2,3,1977
1,2,1,1,1,1,1,1978
3,2,1,2,3,1,1,1979
1,1,1,1,2,3,1,1980
3,3,1,1,2,1,2,1981
3,1,1,1,3,3,1,1982
2,3,2,1,2,1,2,1983
3,3,2,2,3,3,1,1984
3,3,3,2,2,2,3,1985
3,3,2,3,3,3,3,1986
2,3,1,2,1,1,2,1987
2,3,1,2,1,3,2,1988
3,3,2,1,3,1,1,1989
3,1,1,1,1,2,1,1990
2,3,2,2,2,2,2,1991
3,2,1,2,2,2,2,1992
1,2,2,3,1,1,3,1993
3,2,1,1,1,1,2,1994
2,2,3,2,1,2,3,1995
2,2,2,3,3,1,1,1996
3,2,1,3,2,2,3,1997
3,3,3,3,2,2,3,1998
1,3,3,2,1,1,1,1999
2,2,3,3,1,1,3,2000
3,2,3,1,3,2,2,2001
3,2,2,1,2,1,1,2002
2,2,2,2,2,2,3,2003
1,1,1,2,2,2,3,2004
2,3,2,3,3,2,1,2005
3,1,3,3,2,3,2,2006
1,3,2,1,1,2,1,2007
3,2,1,3,1,3,3,2008
2,3,3,3,3,2,3,2009
1,3,3,1,1,3,3,2010
3,1,3,1,2,2,2,2011
1,3,2,3,3,1,3,2012
1,2,1,1,3,1,2,2013
1,2,3,3,1,3,3,2014
2,3,3,2,2,1,3,2015
3,1,2,1,1,2,3,2016
2,1,1,3,3,3,1,2017
2,1,3,1,1,2,2,2018
3,2,3,3,3,3,3,2019
3,1,1,1,3,1,3,2020
2,1,3,1,2,3,2,2021
2,3,3,2,3,2,1,2022
1,3,2,1,1,3,3,2023
1,3,1,1,1,2,2,2024
2,1,2,3,3,3,2,2025
1,1,3,3,1,2,3,2026
3,3,3,3,1,3,3,2027
3,2,2,3,3,1,1,2028
1,3,1,1,2,1,3,2029
1,3,3,3,3,3,1,2030
3,2,3,2,2,3,1,2031
3,2,2,3,1,2,2,2032
3,2,1,3,3,1,2,2033
1,3,3,2,2,1,3,2034
3,3,2,3,3,2,2,2035
2,2,3,2,2,2,1,2036
3,2,3,3,3,1,2,2037
3,1,1,3,1,2,2,2038
2,3,2,3,2,3,3,2039
3,3,3,3,2,2,2,2040
2,2,3,2,1,2,2,2041
2,1,3,1,2,3,1,2042
3,2,1,3,3,2,2,2043
2,2,2,2,1,1,2,2044
3,1,1,3,3,2,3,2045
1,3,2,2,1,1,3,2046
3,3,3,1,2,2,1,2047
1,2,3,3,2,2,2,2048
2,1,1,1,2,2,2,2049
1,2,1,1,1,1,2,2050
1,1,3,2,3,3,2,2051
2,3,1,2,3,1,3,2052
3,3,2,3,2,1,1,2053
2,2,1,3,1,3,1,2054
1,2,3,1,2,3,1,2055
1,3,1,1,2,2,3,2056
3,2,3,2,2,1,1,2057
3,2,1,3,3,3,1,2058
3,1,1,3,1,3,1,2059
2,1,2,3,1,3,2,2060
2,3,1,2,2,2,2,2061
3,2,2,2,2,1,2,2062
2,1,1,1,3,2,2,2063
1,2,2,2,2,1,1,2064
1,2,1,2,3,2,3,2065
3,2,1,3,2,1,3,2066
1,1,3,3,2,2,2,2067
1,2,3,2,3,3,2,2068
3,3,2,2,3,2,1,2069
3,1,1,2,3,2,3,2070
3,2,3,1,3,2,3,2071
2,2,2,3,1,3,2,2072
3,3,1,1,1,3,3,2073
2,3,1,3,3,2,2,2074
2,1,2,3,1,3,3,2075
2,1,3,2,3,1,1,2076
3,2,1,3,1,3,2,2077
1,1,1,1,2,2,2,2078
1,1,1,2,1,1,1,2079
1,2,2,1,2,3,1,2080
1,3,3,2,2,1,2,2081
3,3,3,3,3,3,2,2082
2,3,2,3,2,1,3,2083
3,3,2,1,2,2,2,2084
2,3,3,1,1,2,3,2085
3,2,2,1,1,3,2,2086
3,2,3,1,1,1,3,2087
2,1,3,3,2,2,2,2088
2,2,2,2,2,2,2,2089
2,3,3,3,1,3,2,2090
1,3,1,2,1,1,1,2091
3,1,1,1,2,2,2,2092
2,1,3,1,3,3,3,2093
1,1,3,2,3,2,2,2094
3,2,2,2,2,1,1,2095
3,2,2,2,2,1,3,2096
1,3,1,2,2,1,3,2097
2,2,1,3,1,1,3,2098
2,2,1,1,3,2,1,2099
1,2,2,3,2,3,2,2100
1,2,3,2,1,2,1,2101
2,1,3,2,1,3,3,2102
2,3,2,3,1,2,3,2103
1,1,2,3,1,2,1,2104
3,2,2,3,3,1,2,2105
2,2,3,3,3,1,2,2106
1,1,2,2,3,2,2,2107
3,2,3,3,1,2,2,2108
3,1,2,3,2,2,1,2109
1,1,3,1,2,1,2,2110
3,2,3,3,2,2,1,2111
3,1,3,1,1,3,1,2112
2,3,1,2,1,2,3,2113
3,1,2,1,2,1,3,2114
3,2,2,3,1,3,1,2115
3,1,3,2,1,3,3,2116
3,3,2,2,1,2,3,2117
2,3,1,1,3,3,1,2118
2,2,3,3,3,1,1,2119
2,2,2,1,3,2,3,2120
2,2,1,2,2,3,2,2121
3,1,2,3,2,3,3,2122
1,1,1,3,1,1,1,2123
1,2,2,1,1,2,3,2124
3,1,2,1,2,2,2,2125
3,3,1,3,1,1,2,2126
1,2,2,2,1,3,2,2127
3,2,1,3,3,2,3,2128
3,1,1,1,2,1,3,2129
3,1,2,2,3,1,1,2130
1,3,2,3,3,3,1,2131
2,3,3,1,2,1,1,2132
1,1,2,1,1,2,2,2133
3,3,3,1,3,3,2,2134
1,1,1,3,1,1,3,2135
2,2,1,1,3,3,2,2136
2,3,3,3,2,1,3,2137
1,3,1,1,3,2,2,2138
3,2,2,2,1,2,2,2139
1,3,2,2,1,2,2,2140
2,2,1,1,1,2,3,2141
1,1,2,2,3,2,3,2142
2,2,2,3,2,3,1,2143
2,2,1,3,1,3,3,2144
1,3,1,2,3,3,2,2145
2,3,3,1,3,2,3,2146
1,3,2,2,3,3,2,2147
1,2,1,3,3,1,3,2148
1,3,1,3,1,1,1,2149
1,2,2,3,3,1,1,2150
2,2,3,1,3,2,1,2151
2,2,1,3,2,1,1,2152
3,2,3,2,3,3,1,2153
2,1,3,3,3,3,2,2154
3,3,1,2,3,1,2,2155
1,1,2,3,1,3,2,2156
3,3,3,2,2,3,1,2157
3,3,2,3,1,3,2,2158
2,1,2,3,1,1,1,2159
3,1,1,1,3,3,3,2160
3,1,2,3,1,1,3,2161
3,3,3,3,2,1,2,2162
3,3,2,1,1,1,2,2163
1,3,2,1,3,3,1,2164
3,1,1,3,3,2,2,2165
1,3,1,3,2,3,1,2166
2,1,2,2,1,1,1,2167
2,3,1,1,2,1,3,2168
3,3,1,2,1,3,1,2169
3,2,1,1,2,3,3,2170
3,1,3,2,2,3,3,2171
2,3,3,2,1,1,2,2172
3,1,1,2,3,1,2,2173
1,1,3,3,3,2,2,2174
1,3,2,2,2,2,3,2175
3,3,2,1,1,3,2,2176
1,3,3,2,1,3,2,2177
3,3,1,2,1,2,3,2178
3,2,2,1,3,1,1,2179
1,2,1,2,2,3,1,2180
1,1,3,3,3,3,2,2181
2,1,1,1,1,2,2,2182
3,2,3,3,3,1,3,2183
1,1,1,1,2,3,2,2184
2,1,2,2,2,3,1,2185
1,1,2,2,3,2,1,2186
1,2,1,1,3,1,1,2187